,precision,recall,f1-score,support
neutral or dissatisfied,0.9567139282735613,0.9740998641304348,0.9653286207186738,11776.0
satisfied,0.9653054260038676,0.9423653525818989,0.9536974601033941,9005.0
accuracy,0.9603483951686637,0.9603483951686637,0.9603483951686637,0.9603483951686637
macro avg,0.9610096771387144,0.9582326083561669,0.9595130404110339,20781.0
weighted avg,0.9604368692803177,0.9603483951686637,0.9602885070888874,20781.0
